Description,Price,Rating,Review Count,URL
"Sceptre 34-Inch IPS UltraWide Monitor 3440 x 1440 up to 100Hz 99% sRGB PIP PBP Edgeless HDMI x3 DisplayPort Build-in Speakers, Blue Light Shift Height Adjustable Machine Black 2023 (E345W-QUT)",$279.97,,,https://www.amazon.com/gp/slredirect/picassoRedirect.html/ref=pa_sp_atf_aps_sr_pg1_1?ie=UTF8&adId=A083781717A2NQVJH94K9&url=%2FSceptre-UltraWide-DisplayPort-Adjustable-E345W-QUT%2Fdp%2FB0BDPH2DS2%2Fref%3Dsr_1_1_sspa%3Fkeywords%3Dultrawide%2Bmonitor%26qid%3D1664847798%26qu%3DeyJxc2MiOiI2LjU0IiwicXNhIjoiNi4zMCIsInFzcCI6IjUuNzMifQ%253D%253D%26sr%3D8-1-spons%26psc%3D1&qualifier=1664847798&id=7146640596138135&widgetName=sp_atf
"INNOCN Ultrawide Monitor 43.8"" WFHD 3840 x 1080p 120Hz Monitor 32:9 IPS Computer Split Screen Monitor 96% DCI-P3 HDR400 FreeSync Premium USB Type-C HDMI Height Adjustable Mountable Monitor - 44C1G",$519.99,4.3 out of 5 stars,24,https://www.amazon.com/gp/slredirect/picassoRedirect.html/ref=pa_sp_atf_aps_sr_pg1_1?ie=UTF8&adId=A07547753MU56VG4U0UQ4&url=%2FINNOCN-Ultrawide-Monitor-1080p-120Hz%2Fdp%2FB09WR3SKR4%2Fref%3Dsr_1_2_sspa%3Fkeywords%3Dultrawide%2Bmonitor%26qid%3D1664847798%26qu%3DeyJxc2MiOiI2LjU0IiwicXNhIjoiNi4zMCIsInFzcCI6IjUuNzMifQ%253D%253D%26sr%3D8-2-spons%26psc%3D1&qualifier=1664847798&id=7146640596138135&widgetName=sp_atf
"LG 29WQ600-W 29 Inch 21:9 UltraWide Full HD (2560 x 1080) 100Hz IPS Monitor, with RGB 99% Color Gamut with HDR10, USB Type-C, AMD FreeSync, Built in Speakers, 3-Side Virtually Borderless Design",$199.99,4.3 out of 5 stars,33,https://www.amazon.com/LG-29WQ600-W-Inch-UltraWide-Borderless/dp/B09ZYTFX33/ref=sr_1_3?keywords=ultrawide+monitor&qid=1664847798&qu=eyJxc2MiOiI2LjU0IiwicXNhIjoiNi4zMCIsInFzcCI6IjUuNzMifQ%3D%3D&sr=8-3
"LG 29WP60G-B UltraWide Monitor 29"" 21:9 FHD (2560 x 1080) IPS Display, sRGB 99% Color Gamut, HDR 10, USB Type-C Connectivity, 3-Side Virtually Borderless Display - Black",$196.99,4.6 out of 5 stars,"2,049",https://www.amazon.com/LG-29WP60G-B-Inch-Connectivity-Borderless/dp/B08V86LGBS/ref=sr_1_4?keywords=ultrawide+monitor&qid=1664847798&qu=eyJxc2MiOiI2LjU0IiwicXNhIjoiNi4zMCIsInFzcCI6IjUuNzMifQ%3D%3D&sr=8-4
"SAMSUNG 34-Inch SJ55W Ultrawide Gaming Monitor (LS34J550WQNXZA) – 75Hz Refresh, WQHD Computer Monitor, 3440 x 1440p Resolution, 4ms Response, FreeSync, Split Screen, HDMI, Black",$299.99,4.4 out of 5 stars,"1,912",https://www.amazon.com/Samsung-S34J55W-34-Inch-Ultrawide-LS34J550WQNXZA/dp/B07FBS36W2/ref=sr_1_5?keywords=ultrawide+monitor&qid=1664847798&qu=eyJxc2MiOiI2LjU0IiwicXNhIjoiNi4zMCIsInFzcCI6IjUuNzMifQ%3D%3D&sr=8-5
"SAMSUNG 49-inch Odyssey G9 Gaming Monitor | QHD, 240hz, 1000R Curved, QLED, NVIDIA G-SYNC & FreeSync | LC49G95TSSNXZA Model","$1,199.99",4.5 out of 5 stars,"2,860",https://www.amazon.com/SAMSUNG-49-inch-Odyssey-FreeSync-LC49G95TSSNXZA/dp/B088HH6LW5/ref=sr_1_6?keywords=ultrawide+monitor&qid=1664847798&qu=eyJxc2MiOiI2LjU0IiwicXNhIjoiNi4zMCIsInFzcCI6IjUuNzMifQ%3D%3D&sr=8-6
"SAMSUNG Odyssey Ark 55-Inch Curved Gaming Screen, 4K UHD 165Hz 1ms (GTG) Quantum Mini-LED Gamer Monitor w/Cockpit Mode, Sound Dome Technology, Multi View, HDR10+ (S55BG970NN) 2022","$3,299.99",3.9 out of 5 stars,19,https://www.amazon.com/gp/slredirect/picassoRedirect.html/ref=pa_sp_mtf_aps_sr_pg1_1?ie=UTF8&adId=A0732440UF40IBCSLRTH&url=%2FSAMSUNG-Odyssey-Mini-LED-Technology-S55BG970NN%2Fdp%2FB0B7TYHHX2%2Fref%3Dsr_1_7_sspa%3Fkeywords%3Dultrawide%2Bmonitor%26qid%3D1664847798%26qu%3DeyJxc2MiOiI2LjU0IiwicXNhIjoiNi4zMCIsInFzcCI6IjUuNzMifQ%253D%253D%26sr%3D8-7-spons%26psc%3D1&qualifier=1664847798&id=7146640596138135&widgetName=sp_mtf
LG 34WP65C-B 34-Inch 21:9 Curved UltraWide QHD (3440x1440) VA Display with sRGB 99% Color Gamut and HDR 10 and 3-Side Virtually Borderless Display with Tilt/Height Adjustable Stand -Black,$496.99,4.6 out of 5 stars,498,https://www.amazon.com/LG-34WP65C-B-34-Inch-Borderless-Adjustable/dp/B093TB6HZH/ref=sr_1_8?keywords=ultrawide+monitor&qid=1664847798&qu=eyJxc2MiOiI2LjU0IiwicXNhIjoiNi4zMCIsInFzcCI6IjUuNzMifQ%3D%3D&sr=8-8
"GIGABYTE G34WQC A 34"" 144Hz Ultra-Wide Curved Gaming Monitor, 3440 x 1440 VA 1500R Display, 1ms (MPRT) Response Time, 90% DCI-P3, VESA Display HDR400, FreeSync Premium, BLACK (G34WQC A-SA)",$369.99,4.5 out of 5 stars,"5,259",https://www.amazon.com/GIGABYTE-G34WQC-Ultra-Wide-Response-FreeSync/dp/B09JBLHBWJ/ref=sr_1_9?keywords=ultrawide+monitor&qid=1664847798&qu=eyJxc2MiOiI2LjU0IiwicXNhIjoiNi4zMCIsInFzcCI6IjUuNzMifQ%3D%3D&sr=8-9
"LG 29WN600-W 29"" 21:9 UltraWide WFHD IPS HDR10 Monitor with FreeSync, Silver",$229.99,4.7 out of 5 stars,"3,005",https://www.amazon.com/LG-29WN600-W-29-21-UltraWide/dp/B0876DBCBX/ref=sr_1_10?keywords=ultrawide+monitor&qid=1664847798&qu=eyJxc2MiOiI2LjU0IiwicXNhIjoiNi4zMCIsInFzcCI6IjUuNzMifQ%3D%3D&sr=8-10
"LG 34WN80C-B UltraWide Monitor 34” 21:9 Curved WQHD (3440 x 1440) IPS Display, USB Type-C (60W PD) , sRGB 99% Color Gamut, 3-Side Virtually Borderless Design, Tilt/Height Adjustable Stand - Black",$549.99,4.6 out of 5 stars,"3,568",https://www.amazon.com/LG-34WN80C-B-inch-Connectivity-Compatibility/dp/B07YGZ7C1K/ref=sr_1_11?keywords=ultrawide+monitor&qid=1664847798&qu=eyJxc2MiOiI2LjU0IiwicXNhIjoiNi4zMCIsInFzcCI6IjUuNzMifQ%3D%3D&sr=8-11
"Z-Edge 30-inch Curved Gaming Monitor, 200Hz Refresh Rate, 21:9 2560x1080 Ultra Wide, Curved Monitor, R1500 Curvature, MPRT 1ms FPS-RTS",$269.99,4.4 out of 5 stars,142,https://www.amazon.com/gp/slredirect/picassoRedirect.html/ref=pa_sp_mtf_aps_sr_pg1_1?ie=UTF8&adId=A09549565R1376QPXVBG&url=%2FZ-Edge-30-inch-Curved-Gaming-Monitor%2Fdp%2FB08H5K5QYX%2Fref%3Dsr_1_12_sspa%3Fkeywords%3Dultrawide%2Bmonitor%26qid%3D1664847798%26qu%3DeyJxc2MiOiI2LjU0IiwicXNhIjoiNi4zMCIsInFzcCI6IjUuNzMifQ%253D%253D%26sr%3D8-12-spons%26psc%3D1&qualifier=1664847798&id=7146640596138135&widgetName=sp_mtf
"LG 34WK650-W 34"" UltraWide 21:9 IPS Monitor with HDR10 and FreeSync (2018), Black/White",$299.99,4.6 out of 5 stars,"1,556",https://www.amazon.com/LG-34WK650-W-34-UltraWide-21/dp/B078GSH1LV/ref=sr_1_13?keywords=ultrawide+monitor&qid=1664847798&qu=eyJxc2MiOiI2LjU0IiwicXNhIjoiNi4zMCIsInFzcCI6IjUuNzMifQ%3D%3D&sr=8-13
"AOC CU34G2X 34"" Curved Frameless Immersive Gaming Monitor, UltraWide QHD 3440x1440, VA Panel, 1ms 144Hz Adaptive-Sync, Height Adjustable, 3-Yr Zero Dead Pixels",$389.99,4.6 out of 5 stars,"2,006",https://www.amazon.com/AOC-CU34G2X-Frameless-Immersive-Adjustable/dp/B07ZB2TNZZ/ref=sr_1_14?keywords=ultrawide+monitor&qid=1664847798&qu=eyJxc2MiOiI2LjU0IiwicXNhIjoiNi4zMCIsInFzcCI6IjUuNzMifQ%3D%3D&sr=8-14
"Sceptre 35 Inch Curved UltraWide 21: 9 LED Creative Monitor QHD 3440x1440 Frameless AMD Freesync HDMI DisplayPort Up to 100Hz, Machine Black (C355W-3440UN series)",$389.98,4.5 out of 5 stars,"3,696",https://www.amazon.com/Sceptre-C355W-3440UN-Super-Curved-Ultrawide/dp/B0812DKDD9/ref=sr_1_15?keywords=ultrawide+monitor&qid=1664847798&qu=eyJxc2MiOiI2LjU0IiwicXNhIjoiNi4zMCIsInFzcCI6IjUuNzMifQ%3D%3D&sr=8-15
"Sceptre Curved 30"" 21:9 Gaming LED Monitor 2560x1080p UltraWide Ultra Slim HDMI DisplayPort Up to 85Hz MPRT 1ms FPS-RTS Build-in Speakers, Machine Blue (C305W-2560UN)",$249.99,4.6 out of 5 stars,"4,822",https://www.amazon.com/Sceptre-C305W-2560UN-30-inch-DisplayPort-Build/dp/B07XZNXWGS/ref=sr_1_16?keywords=ultrawide+monitor&qid=1664847798&qu=eyJxc2MiOiI2LjU0IiwicXNhIjoiNi4zMCIsInFzcCI6IjUuNzMifQ%3D%3D&sr=8-16
"HP P224 21.5 Inch FHD LED-Backlit LCD IPS Anti-Glare Monitor (HDMI, VGA, DisplayPort) 2-Pack Bundle with PW313 Full HD 1080p Live Streamer Webcam and Desk Mount Clamp Dual Monitor Stand",$499.00,4.0 out of 5 stars,27,https://www.amazon.com/gp/slredirect/picassoRedirect.html/ref=pa_sp_mtf_aps_sr_pg1_1?ie=UTF8&adId=A07200771ON981NEGKAOT&url=%2FHP-LED-Backlit-Anti-Glare-DisplayPort-Streamer%2Fdp%2FB08LP3C8F4%2Fref%3Dsr_1_17_sspa%3Fkeywords%3Dultrawide%2Bmonitor%26qid%3D1664847798%26qu%3DeyJxc2MiOiI2LjU0IiwicXNhIjoiNi4zMCIsInFzcCI6IjUuNzMifQ%253D%253D%26sr%3D8-17-spons%26psc%3D1&qualifier=1664847798&id=7146640596138135&widgetName=sp_mtf
"LG 34"" UltraWide IPS FreeSync LED Monitor 2560 x 1080 21:9 34WL600-B",$276.99,4.7 out of 5 stars,281,https://www.amazon.com/LG-UltraWide-FreeSync-Monitor-2560/dp/B07YRXF62V/ref=sr_1_18?keywords=ultrawide+monitor&qid=1664847798&qu=eyJxc2MiOiI2LjU0IiwicXNhIjoiNi4zMCIsInFzcCI6IjUuNzMifQ%3D%3D&sr=8-18
"Sceptre IPS 43.8 inch UltraWide 32:9 LED Monitor 3840x1080 up to 120Hz DisplayPort HDMI USB Type-C HDR600 AMD FreeSync Premium Build-in Speakers and remote, Nebula White (E448B-FSN168)",$489.97,4.4 out of 5 stars,659,https://www.amazon.com/Sceptre-43-8-inch-Ultra-Build/dp/B092KCWLTS/ref=sr_1_19?keywords=ultrawide+monitor&qid=1664847798&qu=eyJxc2MiOiI2LjU0IiwicXNhIjoiNi4zMCIsInFzcCI6IjUuNzMifQ%3D%3D&sr=8-19
Asus ROG Strix XG49VQ 49” Curved Gaming FreeSync Monitor 144Hz Dual Full HD HDR Eye Care with DP HDMI Black,$799.00,4.4 out of 5 stars,"1,838",https://www.amazon.com/XG49VQ-Curved-Gaming-FreeSync-Monitor/dp/B07PZR2YY4/ref=sr_1_20?keywords=ultrawide+monitor&qid=1664847798&qu=eyJxc2MiOiI2LjU0IiwicXNhIjoiNi4zMCIsInFzcCI6IjUuNzMifQ%3D%3D&sr=8-20
LG 34GP83A-B 34 Inch 21: 9 UltraGear Curved QHD (3440 x 1440) 1ms Nano IPS Gaming Monitor with 160Hz and G-SYNC Compatibility - Black (34GP83A-B),$760.88,4.6 out of 5 stars,"1,772",https://www.amazon.com/LG-34GP83A-B-Inch-Ultragear-Compatibility/dp/B08DWD38VX/ref=sr_1_21?keywords=ultrawide+monitor&qid=1664847798&qu=eyJxc2MiOiI2LjU0IiwicXNhIjoiNi4zMCIsInFzcCI6IjUuNzMifQ%3D%3D&sr=8-21
"BenQ EW3880R 37.5” WQHD Ultrawide Curved Monitor | IPS | 2 x 3W speakers + 8W subwoofer | HDRi optimization | USB-C, HDMI, DP | 95% DCI-P3 | Remote Control | Eye-Care & Height/Tilt Adjustable Stand",$899.99,4.0 out of 5 stars,5,https://www.amazon.com/gp/slredirect/picassoRedirect.html/ref=pa_sp_btf_aps_sr_pg1_1?ie=UTF8&adId=A0589890LPBO5A620OJM&url=%2FBenQ-EW3880R-Ultrawide-optimization-Adjustable%2Fdp%2FB09C2SY8B4%2Fref%3Dsr_1_22_sspa%3Fkeywords%3Dultrawide%2Bmonitor%26qid%3D1664847798%26qu%3DeyJxc2MiOiI2LjU0IiwicXNhIjoiNi4zMCIsInFzcCI6IjUuNzMifQ%253D%253D%26sr%3D8-22-spons%26psc%3D1&qualifier=1664847798&id=7146640596138135&widgetName=sp_btf
"INNOCN Ultrawide Monitor 40"" WQHD 3440 x 1440p 144Hz Monitor AMD FreeSync Premium HDR400 21:9 Computer Monitor 95% DCI-P3 500Nits IPS USB Type-C HDMI Tilt/Height Adjustable Monitor, Mountable - 40C1R",$599.99,4.3 out of 5 stars,63,https://www.amazon.com/gp/slredirect/picassoRedirect.html/ref=pa_sp_atf_next_aps_sr_pg2_1?ie=UTF8&adId=A10047281VZYUR3QB1V58&url=%2FINNOCN-Ultrawide-Monitor-FreeSync-Premium%2Fdp%2FB09N3G9T16%2Fref%3Dsr_1_17_sspa%3Fkeywords%3Dultrawide%2Bmonitor%26qid%3D1664847801%26qu%3DeyJxc2MiOiI2LjU0IiwicXNhIjoiNi4zMCIsInFzcCI6IjUuNzMifQ%253D%253D%26sr%3D8-17-spons%26psc%3D1&qualifier=1664847801&id=5374213048613425&widgetName=sp_atf_next
"Portable Monitor, Arzopa Ultra Slim Portable Laptop Monitor FHD 14'' 1080P External Display with Dual Speakers Second Screen for Laptop PC Phone Xbox PS4/5 Switch, Smart Cover Included",$159.99,4.3 out of 5 stars,153,https://www.amazon.com/gp/slredirect/picassoRedirect.html/ref=pa_sp_atf_next_aps_sr_pg2_1?ie=UTF8&adId=A08162633JI7CRCX9VC00&url=%2FPortable-Arzopa-External-Speakers-Included%2Fdp%2FB09PYKCF1Z%2Fref%3Dsr_1_18_sspa%3Fkeywords%3Dultrawide%2Bmonitor%26qid%3D1664847801%26qu%3DeyJxc2MiOiI2LjU0IiwicXNhIjoiNi4zMCIsInFzcCI6IjUuNzMifQ%253D%253D%26sr%3D8-18-spons%26psc%3D1&qualifier=1664847801&id=5374213048613425&widgetName=sp_atf_next
"LG 34WN650-W UltraWide Monitor 34"" 21:9 FHD (2560 x 1080) IPS Display, VESA DisplayHDR 400, AMD FreeSync, 3-Side Virtually Borderless Design - Silver",$349.99,4.7 out of 5 stars,723,https://www.amazon.com/LG-34WN650-W-34-Inch-UltraWide-DisplayHDR/dp/B087JB656Q/ref=sr_1_19?keywords=ultrawide+monitor&qid=1664847801&qu=eyJxc2MiOiI2LjU0IiwicXNhIjoiNi4zMCIsInFzcCI6IjUuNzMifQ%3D%3D&sr=8-19
"Sceptre 30-inch Curved Gaming Monitor 21:9 2560x1080 Ultra Wide Ultra Slim HDMI DisplayPort up to 200Hz Build-in Speakers, Metal Black (C305B-200UN1)",$249.97,4.6 out of 5 stars,"8,501",https://www.amazon.com/Sceptre-30-inch-Curved-Gaming-Monitor/dp/B07TXM7K4T/ref=sr_1_20?keywords=ultrawide+monitor&qid=1664847801&qu=eyJxc2MiOiI2LjU0IiwicXNhIjoiNi4zMCIsInFzcCI6IjUuNzMifQ%3D%3D&sr=8-20
LG 35WN65C-B 35-inch-inch Curved UltraWide QHD HDR Monitor with FreeSync (Renewed),$389.99,4.5 out of 5 stars,136,https://www.amazon.com/LG-35WN65C-B-UltraWide-Monitor-FreeSync/dp/B08TB3DCJG/ref=sr_1_21?keywords=ultrawide+monitor&qid=1664847801&qu=eyJxc2MiOiI2LjU0IiwicXNhIjoiNi4zMCIsInFzcCI6IjUuNzMifQ%3D%3D&sr=8-21
"INNOCN Ultrawide Monitor 40"" WQHD 3440 x 1440p 144Hz Monitor AMD FreeSync Premium HDR400 21:9 Computer Monitor 95% DCI-P3 500Nits IPS USB Type-C HDMI Tilt/Height Adjustable Monitor, Mountable - 40C1R",$599.99,4.3 out of 5 stars,63,https://www.amazon.com/INNOCN-Ultrawide-Monitor-FreeSync-Premium/dp/B09N3G9T16/ref=sr_1_22?keywords=ultrawide+monitor&qid=1664847801&qu=eyJxc2MiOiI2LjU0IiwicXNhIjoiNi4zMCIsInFzcCI6IjUuNzMifQ%3D%3D&sr=8-22
"Dell Curved Gaming Monitor 34 Inch Curved Monitor with 144Hz Refresh Rate, WQHD (3440 x 1440) Display, Black - S3422DWG",$449.99,4.7 out of 5 stars,"2,011",https://www.amazon.com/Dell-Curved-Monitor-Refresh-Display/dp/B095X7RV77/ref=sr_1_23?keywords=ultrawide+monitor&qid=1664847801&qu=eyJxc2MiOiI2LjU0IiwicXNhIjoiNi4zMCIsInFzcCI6IjUuNzMifQ%3D%3D&sr=8-23
"Sceptre 34-Inch IPS UltraWide Monitor 3440 x 1440 up to 100Hz 99% sRGB PIP PBP Edgeless HDMI x3 DisplayPort Build-in Speakers, Blue Light Shift Height Adjustable Machine Black 2023 (E345W-QUT)",$279.97,,,https://www.amazon.com/Sceptre-UltraWide-DisplayPort-Adjustable-E345W-QUT/dp/B0BDPH2DS2/ref=sr_1_24?keywords=ultrawide+monitor&qid=1664847801&qu=eyJxc2MiOiI2LjU0IiwicXNhIjoiNi4zMCIsInFzcCI6IjUuNzMifQ%3D%3D&sr=8-24
"SAMSUNG J791 Series 34-Inch Ultrawide QHD (3440x1440) Computer Monitor, 100Hz, Thunderbolt 3 Daisy Chain, QLED, HDMI, USB Hub, Height Adjustable Stand (LC34J791WTNXZA), White",$599.99,4.5 out of 5 stars,"1,519",https://www.amazon.com/Samsung-CJ791-Thunderbolt-Curved-Monitor/dp/B07CS3JB5K/ref=sr_1_25?keywords=ultrawide+monitor&qid=1664847801&qu=eyJxc2MiOiI2LjU0IiwicXNhIjoiNi4zMCIsInFzcCI6IjUuNzMifQ%3D%3D&sr=8-25
"LG 38WN95C-W Monitor 38"" 21:9 Curved UltraWide QHD+ (3840 x 1600) Nanio IPS Display, Thunderbolt 3, 1ms Response Time, 144Hz Refresh Rate, NVIDIA G-SYNC, AMD FreeSync -White/Silver","$1,196.99",4.1 out of 5 stars,204,https://www.amazon.com/LG-38WN95C-W-Inch-Curved-Connectivity/dp/B0892MHG9H/ref=sr_1_26?keywords=ultrawide+monitor&qid=1664847801&qu=eyJxc2MiOiI2LjU0IiwicXNhIjoiNi4zMCIsInFzcCI6IjUuNzMifQ%3D%3D&sr=8-26
"HyperX Armada 27 – Gaming Monitor – 27-inch, QHD (2560x1440), 165Hz Refresh Rate, IPS Panel, 1ms Response Time, NVIDIA G-SYNC Compatible, Desk Mount Included - HDMI and Display Port",$499.99,,,https://www.amazon.com/gp/slredirect/picassoRedirect.html/ref=pa_sp_mtf_aps_sr_pg2_1?ie=UTF8&adId=A02769261CAUPDBIR9AAZ&url=%2FHyperX-Armada-27-2560x1440-Compatible%2Fdp%2FB0B2D2Y275%2Fref%3Dsr_1_27_sspa%3Fkeywords%3Dultrawide%2Bmonitor%26qid%3D1664847801%26qu%3DeyJxc2MiOiI2LjU0IiwicXNhIjoiNi4zMCIsInFzcCI6IjUuNzMifQ%253D%253D%26sr%3D8-27-spons%26psc%3D1&qualifier=1664847801&id=5374213048613425&widgetName=sp_mtf
"LG 40WP95C-W 40” UltraWide Curved WUHD (5120 x 2160) 5K2K Nano IPS Display, DCI-P3 98% (Typ.) with HDR10, Thunderbolt 4 with 96W PD, 3-Side Virtually Borderless Design Tilt/Height/Swivel Stand","$1,799.99",4.3 out of 5 stars,87,https://www.amazon.com/gp/slredirect/picassoRedirect.html/ref=pa_sp_mtf_aps_sr_pg2_1?ie=UTF8&adId=A02359633ANU3H1VFXYN3&url=%2FLG-40WP95C-W-UltraWide-Thunderbolt-Borderless%2Fdp%2FB09P1VLCQ4%2Fref%3Dsr_1_28_sspa%3Fkeywords%3Dultrawide%2Bmonitor%26qid%3D1664847801%26qu%3DeyJxc2MiOiI2LjU0IiwicXNhIjoiNi4zMCIsInFzcCI6IjUuNzMifQ%253D%253D%26sr%3D8-28-spons%26psc%3D1&qualifier=1664847801&id=5374213048613425&widgetName=sp_mtf
LG 29UM59-A 29-Inch UltraWide FHD 2560 x 1080 IPS Gaming Monitor,$196.99,4.5 out of 5 stars,724,https://www.amazon.com/LG-29UM59-29-Inch-UltraWide-Monitor/dp/B071L1KDVB/ref=sr_1_29?keywords=ultrawide+monitor&qid=1664847801&qu=eyJxc2MiOiI2LjU0IiwicXNhIjoiNi4zMCIsInFzcCI6IjUuNzMifQ%3D%3D&sr=8-29
"Samsung 34-inch Class Ultrawide Monitor with 21:9 Wide Screen, S34J552WQNXZA (Renewed)",$299.99,4.4 out of 5 stars,480,https://www.amazon.com/Samsung-Class-Ultrawide-Monitor-S34J552WQNXZA/dp/B08P9RJ1X7/ref=sr_1_30?keywords=ultrawide+monitor&qid=1664847801&qu=eyJxc2MiOiI2LjU0IiwicXNhIjoiNi4zMCIsInFzcCI6IjUuNzMifQ%3D%3D&sr=8-30
"MSI Optix MAG342CQR 1500R Curvature 21:9 Aspect Ratio Narrow Bezel 1ms 3440 x 1440 (UWQHD) 144Hz Refresh Rate Tilt/Swivel/Height/Pivot Adjustment 34"" AMD Freesync Gaming Curved Monitor, Black",$409.99,4.6 out of 5 stars,382,https://www.amazon.com/MSI-Optix-MAG342CQR-1500R-Curvature/dp/B08S8W3MMM/ref=sr_1_31?keywords=ultrawide+monitor&qid=1664847801&qu=eyJxc2MiOiI2LjU0IiwicXNhIjoiNi4zMCIsInFzcCI6IjUuNzMifQ%3D%3D&sr=8-31
LG 34WL750-B 34 inch 21: 9 UltraWide WQHD IPS Monitor with sRGB 99% Color Gamut and HDR10 Compatibility - Black (Renewed),$329.99,4.0 out of 5 stars,25,https://www.amazon.com/LG-34WL750-B-inch-UltraWide-Compatibility/dp/B08DPZ28GD/ref=sr_1_32?keywords=ultrawide+monitor&qid=1664847801&qu=eyJxc2MiOiI2LjU0IiwicXNhIjoiNi4zMCIsInFzcCI6IjUuNzMifQ%3D%3D&sr=8-32
"SAMSUNG 34-Inch Odyssey G5 Ultra-Wide Gaming Monitor with 1000R Curved Screen, 165Hz, 1ms, FreeSync Premium, WQHD (LC34G55TWWNXZA, 2020 Model), Black",$447.14,4.5 out of 5 stars,"6,429",https://www.amazon.com/SAMSUNG-34-Inch-Ultra-Wide-FreeSync-LC34G55TWWNXZA/dp/B08MVBYWGQ/ref=sr_1_33?keywords=ultrawide+monitor&qid=1664847801&qu=eyJxc2MiOiI2LjU0IiwicXNhIjoiNi4zMCIsInFzcCI6IjUuNzMifQ%3D%3D&sr=8-33
"SAMSUNG CJ890 Series 49-Inch Ultrawide QHD (3840x1080) Computer Monitor, 144Hz, Curved, HDMI, USB-C, Height Adjustable Stand, 3 Yr WRNTY (LC49J890DKNXZA)",$979.99,4.4 out of 5 stars,788,https://www.amazon.com/Samsung-C49J890DKN-49-3840x1080-32/dp/B07CS4KF7J/ref=sr_1_34?keywords=ultrawide+monitor&qid=1664847801&qu=eyJxc2MiOiI2LjU0IiwicXNhIjoiNi4zMCIsInFzcCI6IjUuNzMifQ%3D%3D&sr=8-34
"ASUS TUF Gaming VG34VQL1B 34” Curved HDR Monitor, WQHD (3440x1440), 165Hz, 1ms, Extreme Low Motion Blur, FreeSync Premium, Eye Care, DisplayPort HDMI USB, Height Adjustable, DisplayHDR 400, Black",$469.99,4.6 out of 5 stars,582,https://www.amazon.com/ASUS-VG34VQL1B-DisplayPort-Adjustable-DisplayHDR/dp/B08LCMYT54/ref=sr_1_35?keywords=ultrawide+monitor&qid=1664847801&qu=eyJxc2MiOiI2LjU0IiwicXNhIjoiNi4zMCIsInFzcCI6IjUuNzMifQ%3D%3D&sr=8-35
"AOC Agon PRO AG254FG 25"" Tournament Gaming Monitor, FHD 1920x1080, 360Hz, 1ms, DisplayHDR 400, G-SYNC + Reflex, Console Ready, Light FX, Low Input Lag, Height-Adjustable",$749.99,5.0 out of 5 stars,3,https://www.amazon.com/gp/slredirect/picassoRedirect.html/ref=pa_sp_btf_aps_sr_pg2_1?ie=UTF8&adId=A0666205QXFR99U3SJWA&url=%2FAOC-AG254FG-Tournament-DisplayHDR-Height-Adjustable%2Fdp%2FB09TQ214D5%2Fref%3Dsr_1_37_sspa%3Fkeywords%3Dultrawide%2Bmonitor%26qid%3D1664847801%26qu%3DeyJxc2MiOiI2LjU0IiwicXNhIjoiNi4zMCIsInFzcCI6IjUuNzMifQ%253D%253D%26sr%3D8-37-spons%26psc%3D1&qualifier=1664847801&id=5374213048613425&widgetName=sp_btf
"Deco Gear 49"" Curved Ultrawide 5K Gaming Monitor, 32:9, 120 Hz, 101% NTSC 100% sRGB, Adjustable, Home Office and Entertainment Workstation",$909.99,4.3 out of 5 stars,100,https://www.amazon.com/gp/slredirect/picassoRedirect.html/ref=pa_sp_btf_aps_sr_pg2_1?ie=UTF8&adId=A05632461M4MQD773UWUY&url=%2FDeco-Gear-Curved-Ultrawide-Monitor%2Fdp%2FB09VWHWYPJ%2Fref%3Dsr_1_38_sspa%3Fkeywords%3Dultrawide%2Bmonitor%26qid%3D1664847801%26qu%3DeyJxc2MiOiI2LjU0IiwicXNhIjoiNi4zMCIsInFzcCI6IjUuNzMifQ%253D%253D%26sr%3D8-38-spons%26psc%3D1%26smid%3DA13BNE3P7C8THK&qualifier=1664847801&id=5374213048613425&widgetName=sp_btf
